1616239386438,1280,Java Request,,,Thread Group 1-1,,true,,0,0,10,10,null,0,0,0
1616239386521,1366,Java Request,,,Thread Group 1-2,,true,,0,0,9,9,null,0,0,0
1616239387019,1032,Java Request,,,Thread Group 1-7,,true,,0,0,8,8,null,0,0,0
1616239386621,1465,Java Request,,,Thread Group 1-3,,true,,0,0,7,7,null,0,0,0
1616239387117,1130,Java Request,,,Thread Group 1-8,,true,,0,0,6,6,null,0,0,0
1616239386720,1564,Java Request,,,Thread Group 1-4,,true,,0,0,5,5,null,0,0,0
1616239387216,1229,Java Request,,,Thread Group 1-9,,true,,0,0,4,4,null,0,0,0
1616239386818,1662,Java Request,,,Thread Group 1-5,,true,,0,0,3,3,null,0,0,0
1616239387316,1330,Java Request,,,Thread Group 1-10,,true,,0,0,2,2,null,0,0,0
1616239386919,1764,Java Request,,,Thread Group 1-6,,true,,0,0,1,1,null,0,0,0
